{"v":"5.7.7","fr":60,"ip":0,"op":26,"w":792,"h":612,"nm":"Food","ddd":0,"assets":[],"layers":[{"ddd":0,"ind":1,"ty":4,"nm":"cover Outlines","sr":1,"ks":{"o":{"a":0,"k":100,"ix":11},"r":{"a":1,"k":[{"i":{"x":[0.833],"y":[0.833]},"o":{"x":[0.167],"y":[0.167]},"t":1,"s":[19]},{"i":{"x":[0.833],"y":[0.833]},"o":{"x":[0.167],"y":[0.167]},"t":2,"s":[14]},{"i":{"x":[0.833],"y":[0.833]},"o":{"x":[0.167],"y":[0.167]},"t":3,"s":[1]},{"i":{"x":[0.833],"y":[0.833]},"o":{"x":[0.167],"y":[0.167]},"t":4,"s":[9]},{"i":{"x":[0.833],"y":[0.833]},"o":{"x":[0.167],"y":[0.167]},"t":6,"s":[1]},{"i":{"x":[0.833],"y":[0.833]},"o":{"x":[0.167],"y":[0.167]},"t":7,"s":[10]},{"t":8,"s":[-1]}],"ix":10},"p":{"a":1,"k":[{"i":{"x":0.833,"y":0.833},"o":{"x":0.167,"y":0.167},"t":1,"s":[395.38,305.486,0],"to":[-0.333,-5,0],"ti":[0.333,5,0]},{"t":6,"s":[393.38,275.486,0]}],"ix":2,"l":2},"a":{"a":0,"k":[46.96,20.134,0],"ix":1,"l":2},"s":{"a":0,"k":[100,100,100],"ix":6,"l":2}},"ao":0,"sy":[{"c":{"a":0,"k":[0,0,0,1],"ix":2},"o":{"a":0,"k":75,"ix":3},"a":{"a":0,"k":120,"ix":5},"s":{"a":0,"k":5,"ix":8},"d":{"a":0,"k":5,"ix":6},"ch":{"a":0,"k":0,"ix":7},"bm":{"a":0,"k":5,"ix":1},"no":{"a":0,"k":0,"ix":9},"lc":{"a":0,"k":1,"ix":10},"ty":1,"nm":"Drop Shadow"},{"c":{"a":0,"k":[0,0,0,1],"ix":2},"o":{"a":0,"k":75,"ix":3},"a":{"a":0,"k":120,"ix":5},"s":{"a":0,"k":5,"ix":8},"d":{"a":0,"k":5,"ix":6},"ch":{"a":0,"k":0,"ix":7},"bm":{"a":0,"k":5,"ix":1},"no":{"a":0,"k":0,"ix":9},"ty":2,"nm":"Inner Shadow"},{"c":{"a":0,"k":[0.9961,0.9608,0.7412,1],"ix":5},"o":{"a":0,"k":75,"ix":2},"s":{"a":0,"k":5,"ix":10},"r":{"a":0,"k":50,"ix":11},"ch":{"a":0,"k":0,"ix":9},"bm":{"a":0,"k":11,"ix":1},"no":{"a":0,"k":0,"ix":3},"j":{"a":0,"k":0,"ix":12},"ty":3,"nm":"Outer Glow"},{"c":{"a":0,"k":[0.9961,0.9608,0.7412,1],"ix":5},"o":{"a":0,"k":75,"ix":2},"s":{"a":0,"k":5,"ix":11},"r":{"a":0,"k":50,"ix":12},"sr":{"a":0,"k":1,"ix":9},"ch":{"a":0,"k":0,"ix":10},"bm":{"a":0,"k":11,"ix":1},"no":{"a":0,"k":0,"ix":3},"j":{"a":0,"k":0,"ix":13},"ty":4,"nm":"Inner Glow"},{"bs":{"a":0,"k":2,"ix":1},"bt":{"a":0,"k":1,"ix":2},"sr":{"a":0,"k":100,"ix":3},"bd":{"a":0,"k":1,"ix":4},"s":{"a":0,"k":5,"ix":5},"so":{"a":0,"k":75,"ix":15},"ga":{"a":0,"k":0,"ix":7},"a":{"a":0,"k":120,"ix":8},"ll":{"a":0,"k":30,"ix":9},"hm":{"a":0,"k":11,"ix":10},"hc":{"a":0,"k":[1,1,1,1],"ix":11},"ho":{"a":0,"k":75,"ix":12},"sm":{"a":0,"k":5,"ix":13},"sc":{"a":0,"k":[0,0,0,1],"ix":14},"ty":5,"nm":"Bevel and Emboss"},{"bm":{"a":0,"k":5,"ix":1},"c":{"a":0,"k":[0,0,0,1],"ix":2},"o":{"a":0,"k":50,"ix":3},"a":{"a":0,"k":19,"ix":4},"d":{"a":0,"k":11,"ix":5},"s":{"a":0,"k":14,"ix":6},"in":{"a":0,"k":1,"ix":7},"ty":6,"nm":"Satin"},{"bm":{"a":0,"k":1,"ix":1},"c":{"a":0,"k":[1,0.4431,0,1],"ix":2},"so":{"a":0,"k":100,"ix":3},"ty":7,"nm":"Color Overlay"},{"bm":{"a":0,"k":1,"ix":1},"o":{"a":0,"k":100,"ix":2},"gf":{"a":0,"ix":3},"gs":{"a":0,"k":100,"ix":4},"a":{"a":0,"k":90,"ix":5},"gt":{"a":0,"k":1,"ix":6},"re":{"a":0,"k":0,"ix":7},"al":{"a":0,"k":1,"ix":8},"s":{"a":0,"k":100,"ix":9},"of":{"a":0,"k":[0,0],"ix":10},"ty":8,"nm":"Gradient Overlay"},{"c":{"a":0,"k":[1,0.4431,0,1],"ix":2},"s":{"a":0,"k":3,"ix":3},"ty":0,"nm":"Stroke"}],"shapes":[{"ty":"gr","it":[{"ind":0,"ty":"sh","ix":1,"ks":{"a":0,"k":{"i":[[5.718000000000001,-3.841],[-7.28,6.396],[-6.405,-3.6700000000000004]],"o":[[8.271,0.821],[-8.271,1.1739999999999995],[1.2009999999999996,-6.396000000000001]],"v":[[8.271,0.821],[-7.28,6.396],[-2.603,-5.033]],"c":true},"ix":2},"nm":"Path 1","mn":"ADBE Vector Shape - Group","hd":false,"_render":true},{"ty":"st","c":{"a":0,"k":[0.1378,0.1292,0.1222,1],"ix":3},"o":{"a":0,"k":100,"ix":4},"w":{"a":0,"k":5,"ix":5},"lc":2,"lj":2,"bm":0,"nm":"Stroke 1","mn":"ADBE Vector Graphic - Stroke","hd":false,"_render":true},{"ty":"tr","p":{"a":0,"k":[45.457,18.896],"ix":2},"a":{"a":0,"k":[0,0],"ix":1},"s":{"a":0,"k":[100,100],"ix":3},"r":{"a":0,"k":0,"ix":6},"o":{"a":0,"k":100,"ix":7},"sk":{"a":0,"k":0,"ix":4},"sa":{"a":0,"k":0,"ix":5},"nm":"Transform","_render":true}],"nm":"Group 1","np":2,"cix":2,"bm":0,"ix":1,"mn":"ADBE Vector Group","hd":false,"_render":true},{"ty":"gr","it":[{"ind":0,"ty":"sh","ix":1,"ks":{"a":0,"k":{"i":[[-44.46,15.48],[44.46,-15.48]],"o":[[-44.46,15.48],[44.46,-15.48]],"v":[[-44.46,15.48],[44.46,-15.48]],"c":false},"ix":2},"nm":"Path 1","mn":"ADBE Vector Shape - Group","hd":false,"_render":true},{"ty":"st","c":{"a":0,"k":[0.1378,0.1292,0.1222,1],"ix":3},"o":{"a":0,"k":100,"ix":4},"w":{"a":0,"k":5,"ix":5},"lc":2,"lj":2,"bm":0,"nm":"Stroke 1","mn":"ADBE Vector Graphic - Stroke","hd":false,"_render":true},{"ty":"tr","p":{"a":0,"k":[46.96,22.287],"ix":2},"a":{"a":0,"k":[0,0],"ix":1},"s":{"a":0,"k":[100,100],"ix":3},"r":{"a":0,"k":0,"ix":6},"o":{"a":0,"k":100,"ix":7},"sk":{"a":0,"k":0,"ix":4},"sa":{"a":0,"k":0,"ix":5},"nm":"Transform","_render":true}],"nm":"Group 2","np":2,"cix":2,"bm":0,"ix":2,"mn":"ADBE Vector Group","hd":false,"_render":true}],"ip":0,"op":26,"st":0,"bm":0,"completed":true},{"ddd":0,"ind":2,"ty":4,"nm":"pan Outlines","sr":1,"ks":{"o":{"a":0,"k":100,"ix":11},"r":{"a":1,"k":[{"i":{"x":[0.833],"y":[0.833]},"o":{"x":[0.167],"y":[0.167]},"t":0,"s":[0]},{"i":{"x":[0.833],"y":[0.833]},"o":{"x":[0.167],"y":[0.167]},"t":4,"s":[2]},{"t":6,"s":[0]}],"ix":10},"p":{"a":1,"k":[{"i":{"x":0.833,"y":0.833},"o":{"x":0.167,"y":0.167},"t":1,"s":[394.704,340.84,0],"to":null,"ti":null},{"i":{"x":0.833,"y":0.833},"o":{"x":0.167,"y":0.167},"t":3,"s":[394.704,338.04,0],"to":null,"ti":null},{"t":6,"s":[394.704,338.84,0]}],"ix":2,"l":2},"a":{"a":0,"k":[68.663,40.94,0],"ix":1,"l":2},"s":{"a":0,"k":[100,100,100],"ix":6,"l":2}},"ao":0,"sy":[{"c":{"a":0,"k":[0,0,0,1],"ix":2},"o":{"a":0,"k":75,"ix":3},"a":{"a":0,"k":120,"ix":5},"s":{"a":0,"k":5,"ix":8},"d":{"a":0,"k":5,"ix":6},"ch":{"a":0,"k":0,"ix":7},"bm":{"a":0,"k":5,"ix":1},"no":{"a":0,"k":0,"ix":9},"lc":{"a":0,"k":1,"ix":10},"ty":1,"nm":"Drop Shadow"},{"c":{"a":0,"k":[0,0,0,1],"ix":2},"o":{"a":0,"k":75,"ix":3},"a":{"a":0,"k":120,"ix":5},"s":{"a":0,"k":5,"ix":8},"d":{"a":0,"k":5,"ix":6},"ch":{"a":0,"k":0,"ix":7},"bm":{"a":0,"k":5,"ix":1},"no":{"a":0,"k":0,"ix":9},"ty":2,"nm":"Inner Shadow"},{"c":{"a":0,"k":[0.9961,0.9608,0.7412,1],"ix":5},"o":{"a":0,"k":75,"ix":2},"s":{"a":0,"k":5,"ix":10},"r":{"a":0,"k":50,"ix":11},"ch":{"a":0,"k":0,"ix":9},"bm":{"a":0,"k":11,"ix":1},"no":{"a":0,"k":0,"ix":3},"j":{"a":0,"k":0,"ix":12},"ty":3,"nm":"Outer Glow"},{"c":{"a":0,"k":[0.9961,0.9608,0.7412,1],"ix":5},"o":{"a":0,"k":75,"ix":2},"s":{"a":0,"k":5,"ix":11},"r":{"a":0,"k":50,"ix":12},"sr":{"a":0,"k":1,"ix":9},"ch":{"a":0,"k":0,"ix":10},"bm":{"a":0,"k":11,"ix":1},"no":{"a":0,"k":0,"ix":3},"j":{"a":0,"k":0,"ix":13},"ty":4,"nm":"Inner Glow"},{"bs":{"a":0,"k":2,"ix":1},"bt":{"a":0,"k":1,"ix":2},"sr":{"a":0,"k":100,"ix":3},"bd":{"a":0,"k":1,"ix":4},"s":{"a":0,"k":5,"ix":5},"so":{"a":0,"k":75,"ix":15},"ga":{"a":0,"k":0,"ix":7},"a":{"a":0,"k":120,"ix":8},"ll":{"a":0,"k":30,"ix":9},"hm":{"a":0,"k":11,"ix":10},"hc":{"a":0,"k":[1,1,1,1],"ix":11},"ho":{"a":0,"k":75,"ix":12},"sm":{"a":0,"k":5,"ix":13},"sc":{"a":0,"k":[0,0,0,1],"ix":14},"ty":5,"nm":"Bevel and Emboss"},{"bm":{"a":0,"k":5,"ix":1},"c":{"a":0,"k":[0,0,0,1],"ix":2},"o":{"a":0,"k":50,"ix":3},"a":{"a":0,"k":19,"ix":4},"d":{"a":0,"k":11,"ix":5},"s":{"a":0,"k":14,"ix":6},"in":{"a":0,"k":1,"ix":7},"ty":6,"nm":"Satin"},{"bm":{"a":0,"k":1,"ix":1},"c":{"a":0,"k":[1,0.4431,0,1],"ix":2},"so":{"a":0,"k":100,"ix":3},"ty":7,"nm":"Color Overlay"},{"bm":{"a":0,"k":1,"ix":1},"o":{"a":0,"k":100,"ix":2},"gf":{"a":0,"ix":3},"gs":{"a":0,"k":100,"ix":4},"a":{"a":0,"k":90,"ix":5},"gt":{"a":0,"k":1,"ix":6},"re":{"a":0,"k":0,"ix":7},"al":{"a":0,"k":1,"ix":8},"s":{"a":0,"k":100,"ix":9},"of":{"a":0,"k":[0,0],"ix":10},"ty":8,"nm":"Gradient Overlay"},{"c":{"a":0,"k":[1,0.4431,0,1],"ix":2},"s":{"a":0,"k":3,"ix":3},"ty":0,"nm":"Stroke"}],"shapes":[{"ty":"gr","it":[{"ind":0,"ty":"sh","ix":1,"ks":{"a":0,"k":{"i":[[91.999,31.581],[91.999,48.501]],"o":[[91.999,31.581],[91.999,48.501]],"v":[[91.999,31.581],[91.999,48.501]],"c":false},"ix":2},"nm":"Path 1","mn":"ADBE Vector Shape - Group","hd":false,"_render":true},{"ty":"st","c":{"a":0,"k":[0.1378,0.1292,0.1222,1],"ix":3},"o":{"a":0,"k":100,"ix":4},"w":{"a":0,"k":3,"ix":5},"lc":2,"lj":1,"ml":10,"bm":0,"nm":"Stroke 1","mn":"ADBE Vector Graphic - Stroke","hd":false,"_render":true},{"ty":"tr","p":{"a":0,"k":[0,0],"ix":2},"a":{"a":0,"k":[0,0],"ix":1},"s":{"a":0,"k":[100,100],"ix":3},"r":{"a":0,"k":0,"ix":6},"o":{"a":0,"k":100,"ix":7},"sk":{"a":0,"k":0,"ix":4},"sa":{"a":0,"k":0,"ix":5},"nm":"Transform","_render":true}],"nm":"Group 1","np":2,"cix":2,"bm":0,"ix":1,"mn":"ADBE Vector Group","hd":false,"_render":true},{"ty":"gr","it":[{"ind":0,"ty":"sh","ix":1,"ks":{"a":0,"k":{"i":[[101.159,23.536],[101.159,52.82]],"o":[[101.159,23.536],[101.159,52.82]],"v":[[101.159,23.536],[101.159,52.82]],"c":false},"ix":2},"nm":"Path 1","mn":"ADBE Vector Shape - Group","hd":false,"_render":true},{"ty":"st","c":{"a":0,"k":[0.1378,0.1292,0.1222,1],"ix":3},"o":{"a":0,"k":100,"ix":4},"w":{"a":0,"k":3,"ix":5},"lc":2,"lj":1,"ml":10,"bm":0,"nm":"Stroke 1","mn":"ADBE Vector Graphic - Stroke","hd":false,"_render":true},{"ty":"tr","p":{"a":0,"k":[0,0],"ix":2},"a":{"a":0,"k":[0,0],"ix":1},"s":{"a":0,"k":[100,100],"ix":3},"r":{"a":0,"k":0,"ix":6},"o":{"a":0,"k":100,"ix":7},"sk":{"a":0,"k":0,"ix":4},"sa":{"a":0,"k":0,"ix":5},"nm":"Transform","_render":true}],"nm":"Group 2","np":2,"cix":2,"bm":0,"ix":2,"mn":"ADBE Vector Group","hd":false,"_render":true},{"ty":"gr","it":[{"ind":0,"ty":"sh","ix":1,"ks":{"a":0,"k":{"i":[[-5.5009999999999994,5.713],[-0.5119999999999996,-10.459999999999999],[5.362,10.46]],"o":[[-5.423,-5.82],[5.501,-10.42],[-0.6520000000000001,10.420000000000002]],"v":[[-5.462,-0.053],[5.501,-10.42],[5.362,10.46]],"c":true},"ix":2},"nm":"Path 1","mn":"ADBE Vector Shape - Group","hd":false,"_render":true},{"ty":"st","c":{"a":0,"k":[0.1378,0.1292,0.1222,1],"ix":3},"o":{"a":0,"k":100,"ix":4},"w":{"a":0,"k":4,"ix":5},"lc":1,"lj":1,"ml":10,"bm":0,"nm":"Stroke 1","mn":"ADBE Vector Graphic - Stroke","hd":false,"_render":true},{"ty":"tr","p":{"a":0,"k":[15.501,33.957],"ix":2},"a":{"a":0,"k":[0,0],"ix":1},"s":{"a":0,"k":[100,100],"ix":3},"r":{"a":0,"k":0,"ix":6},"o":{"a":0,"k":100,"ix":7},"sk":{"a":0,"k":0,"ix":4},"sa":{"a":0,"k":0,"ix":5},"nm":"Transform","_render":true}],"nm":"Group 3","np":2,"cix":2,"bm":0,"ix":3,"mn":"ADBE Vector Group","hd":false,"_render":true},{"ty":"gr","it":[{"ind":0,"ty":"sh","ix":1,"ks":{"a":0,"k":{"i":[[5.448,-5.767],[0.5669999999999993,10.439],[-5.448,-10.439]],"o":[[5.448,5.766],[-5.448,10.439],[0.5669999999999993,-10.439]],"v":[[5.448,0],[-5.448,10.439],[-5.448,-10.439]],"c":true},"ix":2},"nm":"Path 1","mn":"ADBE Vector Shape - Group","hd":false,"_render":true},{"ty":"st","c":{"a":0,"k":[0.1378,0.1292,0.1222,1],"ix":3},"o":{"a":0,"k":100,"ix":4},"w":{"a":0,"k":4,"ix":5},"lc":1,"lj":1,"ml":10,"bm":0,"nm":"Stroke 1","mn":"ADBE Vector Graphic - Stroke","hd":false,"_render":true},{"ty":"tr","p":{"a":0,"k":[121.879,33.38],"ix":2},"a":{"a":0,"k":[0,0],"ix":1},"s":{"a":0,"k":[100,100],"ix":3},"r":{"a":0,"k":0,"ix":6},"o":{"a":0,"k":100,"ix":7},"sk":{"a":0,"k":0,"ix":4},"sa":{"a":0,"k":0,"ix":5},"nm":"Transform","_render":true}],"nm":"Group 4","np":2,"cix":2,"bm":0,"ix":4,"mn":"ADBE Vector Group","hd":false,"_render":true},{"ty":"gr","it":[{"ind":0,"ty":"sh","ix":1,"ks":{"a":0,"k":{"i":[[46.261,-27.41],[46.261,16.44],[40.861000000000004,28.44],[-34.261,28.44],[-46.261,23.04],[-46.261,-26.88],[-46.229,-27.93],[46.15,-28.44]],"o":[[46.261,-26.88],[46.261,23.04],[34.261,28.44],[-40.861000000000004,28.44],[-46.261,16.44],[-46.261,-27.41],[-46.149,-28.44],[46.23,-27.93]],"v":[[46.261,-26.88],[46.261,16.44],[34.261,28.44],[-34.261,28.44],[-46.261,16.44],[-46.261,-26.88],[-46.149,-28.44],[46.15,-28.44]],"c":true},"ix":2},"nm":"Path 1","mn":"ADBE Vector Shape - Group","hd":false,"_render":true},{"ty":"st","c":{"a":0,"k":[0.1378,0.1292,0.1222,1],"ix":3},"o":{"a":0,"k":100,"ix":4},"w":{"a":0,"k":5,"ix":5},"lc":1,"lj":2,"bm":0,"nm":"Stroke 1","mn":"ADBE Vector Graphic - Stroke","hd":false,"_render":true},{"ty":"fl","c":{"a":0,"k":[1,0.9973,0.98,1],"ix":4},"o":{"a":0,"k":100,"ix":5},"r":1,"bm":0,"nm":"Fill 1","mn":"ADBE Vector Graphic - Fill","hd":false,"_render":true},{"ty":"tr","p":{"a":0,"k":[69.139,40.94],"ix":2},"a":{"a":0,"k":[0,0],"ix":1},"s":{"a":0,"k":[100,100],"ix":3},"r":{"a":0,"k":0,"ix":6},"o":{"a":0,"k":100,"ix":7},"sk":{"a":0,"k":0,"ix":4},"sa":{"a":0,"k":0,"ix":5},"nm":"Transform","_render":true}],"nm":"Group 5","np":3,"cix":2,"bm":0,"ix":5,"mn":"ADBE Vector Group","hd":false,"_render":true}],"ip":0,"op":26,"st":0,"bm":0,"completed":true},{"ddd":0,"ind":3,"ty":4,"nm":"food Outlines","sr":1,"ks":{"o":{"a":0,"k":100,"ix":11},"r":{"a":1,"k":[{"i":{"x":[0.833],"y":[0.833]},"o":{"x":[0.167],"y":[0.167]},"t":5,"s":[-21]},{"i":{"x":[0.833],"y":[0.833]},"o":{"x":[0.167],"y":[0.167]},"t":8,"s":[-4]},{"t":10,"s":[0]}],"ix":10},"p":{"a":1,"k":[{"i":{"x":0.833,"y":0.833},"o":{"x":0.167,"y":0.167},"t":2,"s":[396.164,318.885,0],"to":null,"ti":null},{"i":{"x":0.833,"y":0.833},"o":{"x":0.167,"y":0.167},"t":4,"s":[396.164,312.885,0],"to":null,"ti":null},{"i":{"x":0.833,"y":0.833},"o":{"x":0.167,"y":0.167},"t":6,"s":[396.164,308.885,0],"to":null,"ti":null},{"t":8,"s":[396.164,302.885,0]}],"ix":2,"l":2},"a":{"a":0,"k":[24.076,17.605,0],"ix":1,"l":2},"s":{"a":0,"k":[100,100,100],"ix":6,"l":2}},"ao":0,"sy":[{"c":{"a":0,"k":[0,0,0,1],"ix":2},"o":{"a":0,"k":75,"ix":3},"a":{"a":0,"k":120,"ix":5},"s":{"a":0,"k":5,"ix":8},"d":{"a":0,"k":5,"ix":6},"ch":{"a":0,"k":0,"ix":7},"bm":{"a":0,"k":5,"ix":1},"no":{"a":0,"k":0,"ix":9},"lc":{"a":0,"k":1,"ix":10},"ty":1,"nm":"Drop Shadow"},{"c":{"a":0,"k":[0,0,0,1],"ix":2},"o":{"a":0,"k":75,"ix":3},"a":{"a":0,"k":120,"ix":5},"s":{"a":0,"k":5,"ix":8},"d":{"a":0,"k":5,"ix":6},"ch":{"a":0,"k":0,"ix":7},"bm":{"a":0,"k":5,"ix":1},"no":{"a":0,"k":0,"ix":9},"ty":2,"nm":"Inner Shadow"},{"c":{"a":0,"k":[0.9961,0.9608,0.7412,1],"ix":5},"o":{"a":0,"k":75,"ix":2},"s":{"a":0,"k":5,"ix":10},"r":{"a":0,"k":50,"ix":11},"ch":{"a":0,"k":0,"ix":9},"bm":{"a":0,"k":11,"ix":1},"no":{"a":0,"k":0,"ix":3},"j":{"a":0,"k":0,"ix":12},"ty":3,"nm":"Outer Glow"},{"c":{"a":0,"k":[0.9961,0.9608,0.7412,1],"ix":5},"o":{"a":0,"k":75,"ix":2},"s":{"a":0,"k":5,"ix":11},"r":{"a":0,"k":50,"ix":12},"sr":{"a":0,"k":1,"ix":9},"ch":{"a":0,"k":0,"ix":10},"bm":{"a":0,"k":11,"ix":1},"no":{"a":0,"k":0,"ix":3},"j":{"a":0,"k":0,"ix":13},"ty":4,"nm":"Inner Glow"},{"bs":{"a":0,"k":2,"ix":1},"bt":{"a":0,"k":1,"ix":2},"sr":{"a":0,"k":100,"ix":3},"bd":{"a":0,"k":1,"ix":4},"s":{"a":0,"k":5,"ix":5},"so":{"a":0,"k":75,"ix":15},"ga":{"a":0,"k":0,"ix":7},"a":{"a":0,"k":120,"ix":8},"ll":{"a":0,"k":30,"ix":9},"hm":{"a":0,"k":11,"ix":10},"hc":{"a":0,"k":[1,1,1,1],"ix":11},"ho":{"a":0,"k":75,"ix":12},"sm":{"a":0,"k":5,"ix":13},"sc":{"a":0,"k":[0,0,0,1],"ix":14},"ty":5,"nm":"Bevel and Emboss"},{"bm":{"a":0,"k":5,"ix":1},"c":{"a":0,"k":[0,0,0,1],"ix":2},"o":{"a":0,"k":50,"ix":3},"a":{"a":0,"k":19,"ix":4},"d":{"a":0,"k":11,"ix":5},"s":{"a":0,"k":14,"ix":6},"in":{"a":0,"k":1,"ix":7},"ty":6,"nm":"Satin"},{"bm":{"a":0,"k":1,"ix":1},"c":{"a":0,"k":[1,0.4431,0,1],"ix":2},"so":{"a":0,"k":100,"ix":3},"ty":7,"nm":"Color Overlay"},{"bm":{"a":0,"k":1,"ix":1},"o":{"a":0,"k":100,"ix":2},"gf":{"a":0,"ix":3},"gs":{"a":0,"k":100,"ix":4},"a":{"a":0,"k":90,"ix":5},"gt":{"a":0,"k":1,"ix":6},"re":{"a":0,"k":0,"ix":7},"al":{"a":0,"k":1,"ix":8},"s":{"a":0,"k":100,"ix":9},"of":{"a":0,"k":[0,0],"ix":10},"ty":8,"nm":"Gradient Overlay"},{"c":{"a":0,"k":[1,0.4431,0,1],"ix":2},"s":{"a":0,"k":3,"ix":3},"ty":0,"nm":"Stroke"}],"shapes":[{"ty":"gr","it":[{"ind":0,"ty":"sh","ix":1,"ks":{"a":0,"k":{"i":[[14.076,-0.7899999999999991],[-14.076,7.605],[-7.773,-7.605]],"o":[[14.076,7.605],[-14.076,-0.7899999999999991],[7.773,-7.605]],"v":[[14.076,7.605],[-14.076,7.605],[0,-7.605]],"c":true},"ix":2},"nm":"Path 1","mn":"ADBE Vector Shape - Group","hd":false,"_render":true},{"ty":"st","c":{"a":0,"k":[0.1378,0.1292,0.1222,1],"ix":3},"o":{"a":0,"k":100,"ix":4},"w":{"a":0,"k":4,"ix":5},"lc":2,"lj":2,"bm":0,"nm":"Stroke 1","mn":"ADBE Vector Graphic - Stroke","hd":false,"_render":true},{"ty":"fl","c":{"a":0,"k":[0.9725,0.8824,0.3216,1],"ix":4},"o":{"a":0,"k":100,"ix":5},"r":1,"bm":0,"nm":"Fill 1","mn":"ADBE Vector Graphic - Fill","hd":false,"_render":true},{"ty":"tr","p":{"a":0,"k":[24.076,17.605],"ix":2},"a":{"a":0,"k":[0,0],"ix":1},"s":{"a":0,"k":[100,100],"ix":3},"r":{"a":0,"k":0,"ix":6},"o":{"a":0,"k":100,"ix":7},"sk":{"a":0,"k":0,"ix":4},"sa":{"a":0,"k":0,"ix":5},"nm":"Transform","_render":true}],"nm":"Group 1","np":3,"cix":2,"bm":0,"ix":1,"mn":"ADBE Vector Group","hd":false,"_render":true}],"ip":0,"op":26,"st":0,"bm":0,"completed":true},{"ddd":0,"ind":4,"ty":4,"nm":"food Outlines","sr":1,"ks":{"o":{"a":0,"k":100,"ix":11},"r":{"a":0,"k":0,"ix":10},"p":{"a":1,"k":[{"i":{"x":0.833,"y":0.833},"o":{"x":0.167,"y":0.167},"t":10,"s":[427.2,322.885,0],"to":null,"ti":null},{"i":{"x":0.833,"y":0.833},"o":{"x":0.167,"y":0.167},"t":12,"s":[427.2,312.885,0],"to":null,"ti":null},{"t":14,"s":[427.2,299.885,0]}],"ix":2,"l":2},"a":{"a":0,"k":[22.24,22.24,0],"ix":1,"l":2},"s":{"a":0,"k":[100,100,100],"ix":6,"l":2}},"ao":0,"sy":[{"c":{"a":0,"k":[0,0,0,1],"ix":2},"o":{"a":0,"k":75,"ix":3},"a":{"a":0,"k":120,"ix":5},"s":{"a":0,"k":5,"ix":8},"d":{"a":0,"k":5,"ix":6},"ch":{"a":0,"k":0,"ix":7},"bm":{"a":0,"k":5,"ix":1},"no":{"a":0,"k":0,"ix":9},"lc":{"a":0,"k":1,"ix":10},"ty":1,"nm":"Drop Shadow"},{"c":{"a":0,"k":[0,0,0,1],"ix":2},"o":{"a":0,"k":75,"ix":3},"a":{"a":0,"k":120,"ix":5},"s":{"a":0,"k":5,"ix":8},"d":{"a":0,"k":5,"ix":6},"ch":{"a":0,"k":0,"ix":7},"bm":{"a":0,"k":5,"ix":1},"no":{"a":0,"k":0,"ix":9},"ty":2,"nm":"Inner Shadow"},{"c":{"a":0,"k":[0.9961,0.9608,0.7412,1],"ix":5},"o":{"a":0,"k":75,"ix":2},"s":{"a":0,"k":5,"ix":10},"r":{"a":0,"k":50,"ix":11},"ch":{"a":0,"k":0,"ix":9},"bm":{"a":0,"k":11,"ix":1},"no":{"a":0,"k":0,"ix":3},"j":{"a":0,"k":0,"ix":12},"ty":3,"nm":"Outer Glow"},{"c":{"a":0,"k":[0.9961,0.9608,0.7412,1],"ix":5},"o":{"a":0,"k":75,"ix":2},"s":{"a":0,"k":5,"ix":11},"r":{"a":0,"k":50,"ix":12},"sr":{"a":0,"k":1,"ix":9},"ch":{"a":0,"k":0,"ix":10},"bm":{"a":0,"k":11,"ix":1},"no":{"a":0,"k":0,"ix":3},"j":{"a":0,"k":0,"ix":13},"ty":4,"nm":"Inner Glow"},{"bs":{"a":0,"k":2,"ix":1},"bt":{"a":0,"k":1,"ix":2},"sr":{"a":0,"k":100,"ix":3},"bd":{"a":0,"k":1,"ix":4},"s":{"a":0,"k":5,"ix":5},"so":{"a":0,"k":75,"ix":15},"ga":{"a":0,"k":0,"ix":7},"a":{"a":0,"k":120,"ix":8},"ll":{"a":0,"k":30,"ix":9},"hm":{"a":0,"k":11,"ix":10},"hc":{"a":0,"k":[1,1,1,1],"ix":11},"ho":{"a":0,"k":75,"ix":12},"sm":{"a":0,"k":5,"ix":13},"sc":{"a":0,"k":[0,0,0,1],"ix":14},"ty":5,"nm":"Bevel and Emboss"},{"bm":{"a":0,"k":5,"ix":1},"c":{"a":0,"k":[0,0,0,1],"ix":2},"o":{"a":0,"k":50,"ix":3},"a":{"a":0,"k":19,"ix":4},"d":{"a":0,"k":11,"ix":5},"s":{"a":0,"k":14,"ix":6},"in":{"a":0,"k":1,"ix":7},"ty":6,"nm":"Satin"},{"bm":{"a":0,"k":1,"ix":1},"c":{"a":0,"k":[1,0.4431,0,1],"ix":2},"so":{"a":0,"k":100,"ix":3},"ty":7,"nm":"Color Overlay"},{"bm":{"a":0,"k":1,"ix":1},"o":{"a":0,"k":100,"ix":2},"gf":{"a":0,"ix":3},"gs":{"a":0,"k":100,"ix":4},"a":{"a":0,"k":90,"ix":5},"gt":{"a":0,"k":1,"ix":6},"re":{"a":0,"k":0,"ix":7},"al":{"a":0,"k":1,"ix":8},"s":{"a":0,"k":100,"ix":9},"of":{"a":0,"k":[0,0],"ix":10},"ty":8,"nm":"Gradient Overlay"},{"c":{"a":0,"k":[1,0.4431,0,1],"ix":2},"s":{"a":0,"k":3,"ix":3},"ty":0,"nm":"Stroke"}],"shapes":[{"ty":"gr","it":[{"ind":0,"ty":"sh","ix":1,"ks":{"a":0,"k":{"i":[[12.24,-6.76],[6.76,12.24],[-12.24,6.759],[-6.76,-12.24]],"o":[[12.24,6.759],[-6.76,12.24],[-12.24,-6.76],[6.76,-12.24]],"v":[[12.24,0],[0,12.24],[-12.24,0],[0,-12.24]],"c":true},"ix":2},"nm":"Path 1","mn":"ADBE Vector Shape - Group","hd":false,"_render":true},{"ty":"st","c":{"a":0,"k":[0.1378,0.1292,0.1222,1],"ix":3},"o":{"a":0,"k":100,"ix":4},"w":{"a":0,"k":4,"ix":5},"lc":2,"lj":2,"bm":0,"nm":"Stroke 1","mn":"ADBE Vector Graphic - Stroke","hd":false,"_render":true},{"ty":"fl","c":{"a":0,"k":[1,0.45,0,1],"ix":4},"o":{"a":0,"k":100,"ix":5},"r":1,"bm":0,"nm":"Fill 1","mn":"ADBE Vector Graphic - Fill","hd":false,"_render":true},{"ty":"tr","p":{"a":0,"k":[22.24,22.24],"ix":2},"a":{"a":0,"k":[0,0],"ix":1},"s":{"a":0,"k":[100,100],"ix":3},"r":{"a":0,"k":0,"ix":6},"o":{"a":0,"k":100,"ix":7},"sk":{"a":0,"k":0,"ix":4},"sa":{"a":0,"k":0,"ix":5},"nm":"Transform","_render":true}],"nm":"Group 1","np":3,"cix":2,"bm":0,"ix":1,"mn":"ADBE Vector Group","hd":false,"_render":true}],"ip":0,"op":26,"st":0,"bm":0,"completed":true},{"ddd":0,"ind":5,"ty":4,"nm":"food Outlines","sr":1,"ks":{"o":{"a":0,"k":100,"ix":11},"r":{"a":0,"k":0,"ix":10},"p":{"a":1,"k":[{"i":{"x":0.833,"y":0.833},"o":{"x":0.167,"y":0.167},"t":12,"s":[409.88,324.28,0],"to":null,"ti":null},{"i":{"x":0.833,"y":0.833},"o":{"x":0.167,"y":0.167},"t":14,"s":[409.88,292.28,0],"to":null,"ti":null},{"t":16,"s":[409.88,286.28,0]}],"ix":2,"l":2},"a":{"a":0,"k":[5.89,5.89,0],"ix":1,"l":2},"s":{"a":0,"k":[100,100,100],"ix":6,"l":2}},"ao":0,"sy":[{"c":{"a":0,"k":[0,0,0,1],"ix":2},"o":{"a":0,"k":75,"ix":3},"a":{"a":0,"k":120,"ix":5},"s":{"a":0,"k":5,"ix":8},"d":{"a":0,"k":5,"ix":6},"ch":{"a":0,"k":0,"ix":7},"bm":{"a":0,"k":5,"ix":1},"no":{"a":0,"k":0,"ix":9},"lc":{"a":0,"k":1,"ix":10},"ty":1,"nm":"Drop Shadow"},{"c":{"a":0,"k":[0,0,0,1],"ix":2},"o":{"a":0,"k":75,"ix":3},"a":{"a":0,"k":120,"ix":5},"s":{"a":0,"k":5,"ix":8},"d":{"a":0,"k":5,"ix":6},"ch":{"a":0,"k":0,"ix":7},"bm":{"a":0,"k":5,"ix":1},"no":{"a":0,"k":0,"ix":9},"ty":2,"nm":"Inner Shadow"},{"c":{"a":0,"k":[0.9961,0.9608,0.7412,1],"ix":5},"o":{"a":0,"k":75,"ix":2},"s":{"a":0,"k":5,"ix":10},"r":{"a":0,"k":50,"ix":11},"ch":{"a":0,"k":0,"ix":9},"bm":{"a":0,"k":11,"ix":1},"no":{"a":0,"k":0,"ix":3},"j":{"a":0,"k":0,"ix":12},"ty":3,"nm":"Outer Glow"},{"c":{"a":0,"k":[0.9961,0.9608,0.7412,1],"ix":5},"o":{"a":0,"k":75,"ix":2},"s":{"a":0,"k":5,"ix":11},"r":{"a":0,"k":50,"ix":12},"sr":{"a":0,"k":1,"ix":9},"ch":{"a":0,"k":0,"ix":10},"bm":{"a":0,"k":11,"ix":1},"no":{"a":0,"k":0,"ix":3},"j":{"a":0,"k":0,"ix":13},"ty":4,"nm":"Inner Glow"},{"bs":{"a":0,"k":2,"ix":1},"bt":{"a":0,"k":1,"ix":2},"sr":{"a":0,"k":100,"ix":3},"bd":{"a":0,"k":1,"ix":4},"s":{"a":0,"k":5,"ix":5},"so":{"a":0,"k":75,"ix":15},"ga":{"a":0,"k":0,"ix":7},"a":{"a":0,"k":120,"ix":8},"ll":{"a":0,"k":30,"ix":9},"hm":{"a":0,"k":11,"ix":10},"hc":{"a":0,"k":[1,1,1,1],"ix":11},"ho":{"a":0,"k":75,"ix":12},"sm":{"a":0,"k":5,"ix":13},"sc":{"a":0,"k":[0,0,0,1],"ix":14},"ty":5,"nm":"Bevel and Emboss"},{"bm":{"a":0,"k":5,"ix":1},"c":{"a":0,"k":[0,0,0,1],"ix":2},"o":{"a":0,"k":50,"ix":3},"a":{"a":0,"k":19,"ix":4},"d":{"a":0,"k":11,"ix":5},"s":{"a":0,"k":14,"ix":6},"in":{"a":0,"k":1,"ix":7},"ty":6,"nm":"Satin"},{"bm":{"a":0,"k":1,"ix":1},"c":{"a":0,"k":[1,0.4431,0,1],"ix":2},"so":{"a":0,"k":100,"ix":3},"ty":7,"nm":"Color Overlay"},{"bm":{"a":0,"k":1,"ix":1},"o":{"a":0,"k":100,"ix":2},"gf":{"a":0,"ix":3},"gs":{"a":0,"k":100,"ix":4},"a":{"a":0,"k":90,"ix":5},"gt":{"a":0,"k":1,"ix":6},"re":{"a":0,"k":0,"ix":7},"al":{"a":0,"k":1,"ix":8},"s":{"a":0,"k":100,"ix":9},"of":{"a":0,"k":[0,0],"ix":10},"ty":8,"nm":"Gradient Overlay"},{"c":{"a":0,"k":[1,0.4431,0,1],"ix":2},"s":{"a":0,"k":3,"ix":3},"ty":0,"nm":"Stroke"}],"shapes":[{"ty":"gr","it":[{"ind":0,"ty":"sh","ix":1,"ks":{"a":0,"k":{"i":[[5.64,-3.115],[3.115,5.64],[-5.64,3.115],[-3.116,-5.64]],"o":[[5.64,3.115],[-3.116,5.64],[-5.64,-3.115],[3.115,-5.64]],"v":[[5.64,0],[-0.001,5.64],[-5.64,0],[-0.001,-5.64]],"c":true},"ix":2},"nm":"Path 1","mn":"ADBE Vector Shape - Group","hd":false,"_render":true},{"ty":"fl","c":{"a":0,"k":[0,0,0,1],"ix":4},"o":{"a":0,"k":100,"ix":5},"r":1,"bm":0,"nm":"Fill 1","mn":"ADBE Vector Graphic - Fill","hd":false,"_render":true},{"ty":"tr","p":{"a":0,"k":[5.889,5.89],"ix":2},"a":{"a":0,"k":[0,0],"ix":1},"s":{"a":0,"k":[100,100],"ix":3},"r":{"a":0,"k":0,"ix":6},"o":{"a":0,"k":100,"ix":7},"sk":{"a":0,"k":0,"ix":4},"sa":{"a":0,"k":0,"ix":5},"nm":"Transform","_render":true}],"nm":"Group 1","np":2,"cix":2,"bm":0,"ix":1,"mn":"ADBE Vector Group","hd":false,"_render":true}],"ip":0,"op":26,"st":0,"bm":0,"completed":true}],"markers":[],"__complete":true}